Ax,Ay,Az,Gx,Gy,Gz
-0.01,-1.02,0.15,0.08,0.00,0.05
-0.01,-1.02,0.16,0.11,0.02,-0.00
-0.03,-1.03,0.18,0.05,0.04,-0.02
-0.00,-1.00,0.17,0.08,-0.02,-0.05
-0.02,-1.01,0.16,-0.03,0.05,-0.00
-0.02,-1.00,0.14,-0.02,0.04,-0.02
-0.03,-0.98,0.15,-0.09,0.10,0.01
-0.02,-0.96,0.10,-0.24,0.22,0.05
-0.02,-0.91,0.17,-0.18,0.27,0.23
-0.07,-0.92,0.24,-0.17,0.07,0.45
-0.11,-0.99,0.26,-0.42,-0.06,0.59
-0.14,-1.04,0.28,-0.45,-0.28,0.61
-0.17,-1.14,0.24,-0.43,-0.70,0.66
-0.24,-1.25,0.14,-0.79,-0.71,0.37
-0.24,-1.28,0.03,-0.79,-0.76,-0.08
-0.22,-1.23,-0.02,-0.53,-0.96,-0.28
-0.23,-1.20,-0.14,-0.74,-0.84,-0.70
-0.18,-1.12,-0.20,-0.67,-0.87,-0.89
-0.14,-1.08,-0.30,-0.81,-0.91,-1.02
-0.05,-0.99,-0.41,-0.88,-0.90,-1.14
-0.00,-0.96,-0.51,-0.67,-0.09,-1.16
0.07,-0.85,-0.48,-0.20,0.09,-1.20
0.16,-0.76,-0.55,-0.08,0.30,-1.05
0.15,-0.79,-0.50,0.14,0.97,-0.65
0.12,-0.87,-0.43,0.17,1.13,-0.42
0.15,-0.85,-0.44,0.20,1.57,-0.30
0.15,-0.73,-0.21,0.34,1.63,-0.17
0.22,-0.62,-0.23,-0.22,1.76,0.33
0.09,-0.72,-0.11,0.19,1.57,0.72
0.15,-0.68,-0.17,0.36,1.62,0.89
0.10,-0.68,0.19,0.21,2.44,0.97
0.01,-0.75,0.37,0.50,1.20,1.52
0.00,-0.80,0.43,0.27,0.55,1.58
-0.15,-0.99,0.34,-0.42,0.05,1.66
-0.23,-1.13,0.32,-0.66,0.22,1.42
-0.34,-1.20,0.42,0.03,-0.81,1.39
-0.33,-1.23,0.31,0.02,-1.39,0.93
-0.42,-1.29,0.19,-0.42,-1.57,0.79
-0.61,-1.41,-0.10,-0.91,-1.67,0.38
-0.47,-1.28,-0.20,-1.26,-1.36,-0.17
-0.53,-1.32,-0.45,-0.72,-2.03,-0.44
-0.52,-1.31,-0.42,-0.54,-1.56,-0.88
-0.44,-1.27,-0.41,-0.63,-1.27,-1.09
-0.34,-1.18,-0.49,-0.93,-1.14,-1.37
-0.29,-1.11,-0.53,-0.85,-0.70,-1.36
-0.21,-0.99,-0.63,-0.61,-0.40,-1.53
-0.06,-0.82,-0.59,-0.36,-0.08,-1.47
0.00,-0.69,-0.65,-0.29,0.41,-1.22
0.02,-0.59,-0.57,0.06,1.07,-0.90
0.05,-0.61,-0.44,0.38,1.25,-0.54
0.10,-0.57,-0.36,0.28,1.44,-0.31
0.13,-0.58,-0.25,0.45,1.43,0.11
0.09,-0.63,-0.14,0.20,1.65,0.53
0.11,-0.69,-0.19,0.44,1.17,0.71
0.10,-0.72,0.03,0.38,1.66,1.12
0.04,-0.78,0.10,0.44,1.34,1.26
-0.02,-0.81,0.28,-0.08,1.51,1.35
-0.05,-0.95,0.06,-0.52,0.79,1.30
-0.22,-1.04,0.28,-0.32,0.61,1.39
-0.30,-1.10,0.23,-0.07,-0.27,1.10
-0.39,-1.18,0.15,-0.33,-0.45,1.00
-0.38,-1.23,-0.00,-0.21,-1.03,0.80
-0.49,-1.37,-0.00,0.11,-1.17,0.25
-0.46,-1.45,-0.17,-0.41,-1.31,-0.01
-0.47,-1.41,-0.08,-0.20,-1.29,-0.42
-0.46,-1.34,-0.34,-0.68,-1.80,-0.61
-0.34,-1.21,-0.42,-0.86,-1.19,-0.93
-0.44,-1.20,-0.52,-0.96,-1.21,-1.04
-0.35,-1.14,-0.74,-0.84,-0.71,-1.44
-0.26,-1.05,-0.71,-0.39,-0.35,-1.53
-0.17,-0.93,-0.68,-0.02,-0.27,-1.65
0.00,-0.74,-0.61,-0.00,0.26,-1.51
0.04,-0.69,-0.56,0.04,0.72,-0.83
0.06,-0.70,-0.55,0.33,1.17,-0.71
0.10,-0.65,-0.35,0.61,1.29,-0.48
0.06,-0.62,-0.23,0.35,1.31,-0.29
0.17,-0.51,-0.29,-0.13,1.49,0.09
0.11,-0.53,-0.21,-0.36,1.64,0.59
0.12,-0.54,-0.34,-0.16,1.54,1.21
-0.06,-0.75,0.13,0.09,2.23,1.27
-0.05,-0.82,0.25,0.26,1.03,1.30
-0.13,-0.92,0.37,-0.16,0.72,1.36
-0.15,-1.00,0.10,-0.29,0.05,1.25
-0.19,-1.00,0.19,-0.18,-0.34,1.12
-0.20,-1.05,0.08,-0.41,-0.64,1.12
-0.38,-1.22,0.10,-0.04,-1.06,0.99
-0.61,-1.47,-0.11,-0.32,-1.54,0.83
-0.55,-1.53,-0.08,0.27,-1.45,0.05
-0.50,-1.47,-0.20,0.44,-1.93,-0.10
-0.56,-1.46,-0.30,-0.35,-1.45,-0.52
-0.53,-1.36,-0.43,-0.37,-1.35,-0.99
-0.40,-1.19,-0.42,-0.52,-1.11,-1.27
-0.34,-1.15,-0.55,-0.85,-0.76,-1.36
-0.25,-1.02,-0.57,-0.69,-0.41,-1.34
-0.14,-0.93,-0.60,-0.63,-0.08,-1.30
-0.08,-0.85,-0.65,-0.36,0.17,-1.23
0.01,-0.73,-0.58,-0.10,0.72,-1.11
0.06,-0.65,-0.58,-0.13,1.21,-0.82
0.05,-0.61,-0.46,0.27,1.53,-0.45
0.04,-0.60,-0.33,0.61,1.42,-0.17
-0.03,-0.54,-0.14,0.73,1.48,0.00
0.16,-0.52,-0.10,0.79,0.74,0.35
0.01,-0.72,-0.06,0.03,1.85,0.86
0.11,-0.69,-0.02,0.29,1.50,0.90
-0.04,-0.76,0.45,0.04,2.49,1.15
-0.06,-0.83,0.46,0.12,0.53,1.40
-0.20,-1.05,0.35,-0.41,0.26,1.37
-0.18,-1.08,0.26,-0.35,-0.32,1.08
-0.31,-1.20,0.21,-0.39,-0.60,1.14
-0.29,-1.22,-0.01,-0.50,-0.87,0.61
-0.36,-1.29,-0.11,-0.60,-1.07,0.66
-0.42,-1.35,-0.12,-0.41,-1.25,0.35
-0.43,-1.35,-0.09,-0.32,-1.33,-0.05
-0.49,-1.37,-0.29,-0.91,-1.50,-0.20
-0.48,-1.35,-0.50,-0.87,-1.54,-0.69
-0.53,-1.27,-0.53,-0.82,-1.58,-0.85
-0.49,-1.20,-0.75,-1.03,-0.69,-1.38
-0.37,-1.05,-0.78,-0.55,-0.51,-1.65
-0.27,-0.92,-0.65,-0.24,0.23,-1.78
-0.10,-0.80,-0.55,-0.20,0.52,-1.69
-0.04,-0.75,-0.58,-0.22,0.81,-1.41
0.10,-0.64,-0.59,0.16,0.92,-1.15
0.15,-0.58,-0.53,0.28,1.24,-0.77
0.12,-0.56,-0.38,0.52,1.33,-0.35
0.18,-0.52,-0.29,0.59,1.13,-0.06
0.06,-0.60,-0.24,0.46,1.36,0.20
0.24,-0.55,-0.02,-0.14,1.51,0.15
0.26,-0.61,-0.10,-0.65,1.52,0.84
0.20,-0.69,0.08,-0.06,1.22,1.31
0.12,-0.78,0.23,0.22,0.64,1.67
-0.02,-0.93,0.16,-0.33,0.24,1.72
-0.14,-1.09,0.12,-0.33,-0.06,1.63
-0.30,-1.27,0.05,-0.31,-0.33,1.45
-0.33,-1.34,0.03,0.01,-0.79,1.14
-0.43,-1.45,-0.09,-0.08,-1.08,0.67
-0.43,-1.44,-0.26,-0.15,-1.36,0.15
-0.35,-1.33,-0.17,0.19,-1.35,-0.19
-0.39,-1.31,-0.31,-0.61,-1.57,-0.44
-0.43,-1.31,-0.52,-1.04,-1.25,-0.75
-0.36,-1.23,-0.63,-0.79,-1.10,-1.09
-0.29,-1.15,-0.59,-0.67,-0.70,-1.31
-0.22,-1.05,-0.68,-0.84,-0.47,-1.48
-0.14,-0.94,-0.73,-0.66,-0.10,-1.55
-0.05,-0.79,-0.68,-0.10,0.22,-1.41
0.01,-0.69,-0.58,0.22,0.43,-1.16
0.05,-0.64,-0.68,-0.14,0.84,-0.99
0.11,-0.54,-0.63,0.09,1.25,-0.67
0.11,-0.58,-0.47,0.43,1.44,-0.21
0.13,-0.56,-0.30,0.61,1.41,-0.02
0.18,-0.53,-0.20,0.40,1.33,0.11
0.24,-0.56,-0.24,-0.08,1.44,0.67
0.12,-0.60,-0.01,-0.07,1.67,1.14
0.14,-0.67,0.07,0.16,0.99,1.42
0.03,-0.84,0.29,-0.04,0.90,1.67
-0.14,-1.14,0.13,-0.41,0.11,1.58
-0.10,-1.14,0.10,-0.21,-0.49,1.39
-0.15,-1.17,-0.10,-0.20,-0.70,1.17
-0.23,-1.19,-0.04,0.09,-0.84,0.99
-0.31,-1.33,-0.16,-0.09,-1.09,0.76
-0.34,-1.41,-0.27,-0.12,-1.18,0.36
-0.43,-1.38,-0.20,-0.25,-1.76,0.16
-0.54,-1.48,-0.57,-0.71,-1.41,-0.31
-0.45,-1.33,-0.46,-0.47,-0.94,-0.92
-0.44,-1.26,-0.62,-0.39,-0.93,-1.24
-0.35,-1.12,-0.63,-0.27,-0.46,-1.51
-0.31,-1.02,-0.57,-0.01,-0.42,-1.48
-0.23,-0.93,-0.61,-0.19,-0.22,-1.69
-0.02,-0.78,-0.61,-0.27,0.12,-1.62
0.06,-0.73,-0.56,-0.08,0.44,-1.28
0.11,-0.69,-0.54,0.14,0.56,-0.95
0.14,-0.68,-0.53,0.06,1.07,-0.67
0.11,-0.65,-0.53,0.21,1.53,-0.48
0.14,-0.61,-0.31,0.75,1.45,-0.19
0.23,-0.52,-0.19,0.60,1.21,0.18
0.20,-0.57,-0.12,0.49,1.24,0.59
0.18,-0.62,-0.04,-0.16,1.31,0.81
0.17,-0.69,0.01,-0.09,1.35,1.06
0.12,-0.65,0.30,-0.05,1.67,1.34
-0.00,-0.82,0.30,-0.05,0.48,1.74
-0.22,-1.03,0.22,-0.38,0.25,1.65
-0.21,-1.09,0.30,-0.07,-0.33,1.40
-0.32,-1.22,0.11,-0.32,-0.65,1.27
-0.37,-1.38,0.03,-0.18,-1.09,1.01
-0.40,-1.49,-0.16,-0.10,-1.38,0.68
-0.52,-1.58,-0.27,-0.29,-1.51,0.27
-0.42,-1.44,-0.16,-0.02,-1.32,-0.34
-0.50,-1.35,-0.22,-0.67,-1.28,-0.61
-0.59,-1.33,-0.52,-1.41,-1.48,-0.99
-0.32,-1.15,-0.66,-0.68,-0.96,-1.45
-0.31,-1.08,-0.56,-0.28,-0.73,-1.57
-0.18,-0.94,-0.53,-0.43,-0.29,-1.59
-0.11,-0.84,-0.60,-0.59,0.09,-1.55
-0.00,-0.71,-0.64,-0.45,0.62,-1.25
0.04,-0.65,-0.64,0.12,0.86,-0.87
0.10,-0.57,-0.51,0.40,1.08,-0.52
0.08,-0.57,-0.48,0.58,1.35,-0.14
0.08,-0.58,-0.27,0.77,1.45,0.16
0.06,-0.62,-0.16,0.65,1.54,0.36
0.15,-0.60,-0.13,0.61,1.35,0.48
0.13,-0.66,0.07,0.83,1.51,0.84
0.05,-0.69,0.32,0.98,1.39,1.14
-0.01,-0.79,0.30,0.07,0.68,1.35
-0.10,-0.96,0.26,-0.30,0.51,1.30
-0.18,-1.04,0.25,-0.07,0.22,1.31
-0.29,-1.19,0.34,0.02,-0.10,1.24
-0.35,-1.28,0.33,-0.21,-0.54,1.00
-0.40,-1.37,0.23,-0.35,-0.78,0.56
-0.41,-1.38,0.16,-0.47,-1.26,0.30
-0.40,-1.45,-0.20,-1.11,-1.32,-0.09
-0.44,-1.46,-0.25,-0.76,-1.37,-0.54
-0.47,-1.38,-0.48,-0.76,-1.44,-0.85
-0.42,-1.28,-0.52,-0.53,-0.98,-1.15
-0.31,-1.14,-0.57,-0.22,-0.76,-1.50
-0.18,-0.98,-0.57,-0.19,-0.39,-1.58
-0.08,-0.89,-0.59,-0.18,-0.06,-1.51
0.06,-0.74,-0.52,0.08,0.17,-1.42
0.11,-0.70,-0.48,0.01,0.57,-0.99
0.11,-0.70,-0.44,0.01,0.94,-0.70
0.11,-0.71,-0.37,0.17,1.02,-0.41
0.11,-0.66,-0.28,0.25,1.26,-0.01
0.21,-0.59,-0.21,0.16,1.26,0.18
0.06,-0.70,-0.08,-0.06,1.70,0.68
0.16,-0.65,-0.08,0.12,1.32,0.72
0.14,-0.67,0.15,0.62,1.27,1.12
0.04,-0.83,0.18,0.14,0.92,1.21
0.03,-0.77,0.37,0.25,1.00,1.25
-0.23,-1.02,0.38,-0.01,0.19,1.64
-0.30,-1.18,0.24,-0.54,-0.07,1.15
-0.31,-1.26,0.05,-0.38,-0.46,0.82
-0.34,-1.29,0.14,0.63,-0.98,0.74
-0.37,-1.31,0.16,0.41,-1.17,0.53
-0.38,-1.36,-0.01,-0.28,-1.23,0.30
-0.35,-1.33,-0.06,-0.39,-1.26,-0.03
-0.36,-1.35,-0.11,-0.37,-1.28,-0.20
-0.39,-1.32,-0.24,-0.63,-1.43,-0.48
-0.35,-1.27,-0.37,-0.55,-1.32,-0.77
-0.36,-1.20,-0.35,-0.39,-1.03,-0.96
-0.36,-1.18,-0.37,-0.34,-0.81,-1.11
-0.22,-1.07,-0.60,-0.45,-0.74,-1.37
-0.15,-0.95,-0.52,-0.26,0.08,-1.38
0.01,-0.78,-0.46,0.05,0.11,-1.38
0.11,-0.69,-0.53,-0.07,0.43,-1.10
0.13,-0.63,-0.44,-0.23,1.21,-0.76
0.16,-0.64,-0.30,0.09,1.45,-0.29
0.07,-0.71,-0.20,0.15,1.55,0.18
0.07,-0.71,-0.11,-0.03,1.65,0.29
0.09,-0.71,-0.07,0.13,1.44,0.52
0.13,-0.65,0.05,0.16,1.57,0.74
0.08,-0.66,0.26,0.43,1.24,1.13
-0.05,-0.79,0.37,0.08,0.93,1.38
-0.11,-0.94,0.20,-0.34,0.31,1.34
-0.18,-1.03,0.22,-0.31,0.16,1.34
-0.20,-1.10,0.22,0.08,-0.29,1.32
-0.39,-1.25,0.18,-0.16,-0.52,1.11
-0.38,-1.29,0.20,-0.08,-0.96,0.92
-0.49,-1.42,0.03,-0.25,-1.08,0.51
-0.53,-1.44,-0.07,-0.44,-1.29,0.17
-0.49,-1.33,-0.15,-0.56,-1.28,-0.37
-0.51,-1.29,-0.32,-0.84,-1.49,-0.66
-0.42,-1.19,-0.30,-0.45,-1.24,-0.99
-0.39,-1.14,-0.35,-0.33,-1.24,-1.04
-0.33,-1.12,-0.41,-0.43,-1.11,-1.26
-0.29,-1.04,-0.48,-0.51,-0.66,-1.25
-0.18,-0.91,-0.56,-0.36,-0.31,-1.33
-0.13,-0.86,-0.62,-0.29,0.19,-1.27
-0.01,-0.76,-0.68,-0.13,0.72,-1.21
0.02,-0.78,-0.56,-0.16,1.48,-0.96
0.09,-0.67,-0.31,-0.03,1.65,-0.74
0.07,-0.69,-0.27,-0.07,1.55,-0.03
0.10,-0.66,-0.16,0.14,1.62,0.19
0.09,-0.68,-0.07,0.19,1.60,0.58
0.09,-0.68,0.05,0.36,1.38,0.83
0.13,-0.65,0.14,0.56,1.20,0.95
0.05,-0.77,0.30,0.58,0.94,1.30
-0.00,-0.90,0.32,0.20,0.53,1.32
-0.11,-1.02,0.32,-0.13,0.24,1.30
-0.29,-1.18,0.16,-0.56,0.07,1.15
-0.33,-1.20,0.14,-0.21,-0.46,0.92
-0.33,-1.22,0.10,-0.02,-0.90,0.80
-0.42,-1.34,0.04,-0.12,-1.05,0.52
-0.43,-1.37,0.02,-0.05,-1.34,0.24
-0.48,-1.41,-0.17,-0.61,-1.37,-0.05
-0.49,-1.36,-0.31,-0.48,-1.70,-0.46
-0.41,-1.27,-0.41,-0.44,-1.23,-0.99
-0.33,-1.15,-0.40,-0.31,-0.98,-1.13
-0.30,-1.11,-0.45,-0.34,-0.77,-1.21
-0.22,-1.03,-0.50,-0.33,-0.45,-1.36
-0.11,-0.91,-0.56,-0.18,-0.07,-1.41
-0.04,-0.86,-0.46,0.00,0.34,-1.21
-0.03,-0.82,-0.37,0.07,0.69,-1.09
0.04,-0.74,-0.34,0.07,0.87,-0.81
0.09,-0.70,-0.35,0.13,1.03,-0.60
0.17,-0.62,-0.23,-0.02,1.38,-0.26
0.18,-0.65,-0.26,-0.08,1.34,0.16
0.18,-0.68,-0.20,-0.03,1.50,0.41
0.20,-0.67,-0.03,0.36,1.41,0.57
0.15,-0.69,0.14,0.76,1.11,0.98
0.06,-0.79,0.15,0.22,0.98,1.18
-0.05,-0.88,0.24,-0.02,1.03,1.36
-0.19,-1.03,0.24,-0.15,0.69,1.38
-0.26,-1.08,0.40,0.06,0.37,1.27
-0.33,-1.14,0.47,0.09,-0.32,1.13
-0.39,-1.23,0.26,-0.55,-0.77,0.93
-0.40,-1.24,0.13,-0.74,-1.15,0.59
-0.34,-1.23,-0.06,-0.38,-1.38,0.25
-0.43,-1.24,-0.15,-0.55,-1.72,0.29
-0.47,-1.36,-0.49,-0.89,-1.74,-0.10
-0.59,-1.41,-0.42,-0.46,-1.19,-0.51
-0.49,-1.29,-0.45,-0.08,-0.89,-1.10
-0.40,-1.16,-0.41,0.12,-0.72,-1.36
-0.28,-1.04,-0.35,0.07,-0.45,-1.38
-0.16,-0.94,-0.45,-0.32,-0.09,-1.49
-0.03,-0.84,-0.52,-0.13,0.16,-1.40
-0.02,-0.83,-0.42,0.15,0.61,-0.97
0.00,-0.83,-0.38,0.24,0.71,-0.78
0.01,-0.83,-0.33,0.17,1.04,-0.65
0.05,-0.78,-0.28,0.39,1.21,-0.45
0.08,-0.69,-0.13,0.74,1.29,-0.24
0.15,-0.66,0.01,0.44,1.43,0.18
0.09,-0.69,0.04,0.21,1.49,0.49
0.04,-0.72,0.23,0.45,1.45,0.74
0.05,-0.71,0.36,0.52,1.19,0.87
0.01,-0.68,0.46,0.05,0.79,1.18
-0.13,-0.90,0.38,-0.34,0.44,1.31
-0.18,-0.92,0.32,-0.88,0.35,1.24
-0.26,-1.03,0.18,-0.90,0.01,1.21
-0.37,-1.22,0.00,-0.84,-0.26,1.03
-0.45,-1.30,-0.01,-0.44,-0.74,0.85
-0.48,-1.34,0.12,0.42,-1.02,0.55
-0.51,-1.35,0.09,0.03,-1.31,0.25
-0.48,-1.28,0.05,-0.79,-1.16,-0.19
-0.57,-1.33,-0.22,-1.37,-1.39,-0.39
-0.54,-1.32,-0.50,-0.97,-1.62,-0.88
-0.45,-1.20,-0.46,-0.50,-1.12,-1.34
-0.38,-1.09,-0.45,-0.33,-0.80,-1.50
-0.22,-0.93,-0.53,-0.46,-0.44,-1.59
-0.17,-0.93,-0.63,-0.42,-0.08,-1.46
-0.04,-0.80,-0.59,0.06,0.29,-1.38
-0.01,-0.76,-0.62,0.05,0.85,-1.08
0.02,-0.67,-0.43,0.30,1.34,-0.86
0.08,-0.62,-0.33,0.41,1.65,-0.55
0.11,-0.63,-0.15,0.13,1.71,-0.19
0.12,-0.61,-0.19,0.02,1.60,0.29
0.16,-0.59,-0.07,0.19,1.49,0.67
0.08,-0.69,0.09,0.36,1.52,1.06
0.06,-0.71,0.19,0.22,1.20,1.26
-0.10,-0.93,0.17,-0.08,0.74,1.50
-0.21,-1.00,0.24,-0.29,0.54,1.45
-0.33,-1.10,0.24,-0.13,0.10,1.33
-0.39,-1.11,0.28,-0.10,-0.29,1.13
-0.39,-1.10,0.22,-0.16,-0.83,1.03
-0.46,-1.23,-0.01,-0.44,-1.24,0.83
-0.49,-1.31,-0.06,-0.50,-1.05,0.49
-0.52,-1.36,-0.16,-0.26,-1.23,0.16
-0.49,-1.30,-0.14,-0.16,-1.35,-0.11
-0.53,-1.28,-0.18,-0.55,-1.35,-0.33
-0.54,-1.28,-0.36,-0.70,-1.27,-0.75
-0.49,-1.18,-0.41,-0.52,-1.19,-1.16
-0.42,-1.07,-0.48,-0.22,-1.00,-1.44
-0.31,-0.98,-0.47,-0.25,-0.55,-1.52
-0.21,-0.92,-0.55,-0.35,-0.23,-1.51
-0.10,-0.83,-0.57,-0.20,0.11,-1.39
0.00,-0.75,-0.52,0.07,0.55,-1.12
0.03,-0.69,-0.44,-0.02,1.11,-0.76
0.07,-0.67,-0.37,-0.12,1.35,-0.41
0.12,-0.62,-0.39,-0.00,1.55,-0.01
0.02,-0.67,-0.12,-0.16,2.48,0.63
-0.03,-0.75,-0.16,0.24,1.20,0.81
0.04,-0.71,-0.07,0.32,1.36,0.73
-0.04,-0.76,0.03,0.40,1.25,1.09
-0.05,-0.76,0.24,0.57,1.29,1.23
-0.15,-0.86,0.20,-0.07,0.48,1.44
-0.36,-1.04,0.18,-0.29,0.39,1.40
-0.40,-1.08,0.25,-0.02,-0.10,1.27
-0.46,-1.18,0.14,-0.18,-0.45,0.95
-0.50,-1.24,0.10,-0.20,-0.81,0.75
-0.51,-1.24,-0.02,-0.17,-0.90,0.37
-0.50,-1.20,0.09,0.03,-1.20,0.24
-0.54,-1.20,-0.00,-0.45,-1.14,-0.06
-0.56,-1.27,-0.19,-0.87,-1.48,-0.18
-0.56,-1.29,-0.38,-1.01,-1.27,-0.69
-0.54,-1.25,-0.52,-0.51,-1.48,-0.95
-0.43,-1.17,-0.44,-0.18,-0.99,-1.28
-0.38,-1.11,-0.56,-0.39,-0.73,-1.40
-0.32,-1.03,-0.55,-0.40,-0.23,-1.53
-0.17,-0.88,-0.55,-0.11,0.00,-1.52
-0.10,-0.80,-0.47,-0.03,0.50,-1.32
-0.06,-0.77,-0.42,0.00,0.76,-1.11
0.00,-0.71,-0.43,0.21,0.98,-0.79
0.00,-0.71,-0.34,0.42,1.23,-0.56
0.11,-0.65,-0.24,0.37,1.37,-0.32
0.15,-0.61,-0.21,0.27,1.53,0.06
0.12,-0.60,-0.06,0.37,1.55,0.51
0.12,-0.57,0.09,0.46,1.43,0.87
0.01,-0.67,0.20,0.15,1.42,1.23
-0.02,-0.75,0.20,-0.09,0.83,1.42
-0.24,-1.00,0.14,-0.37,0.78,1.64
-0.33,-1.10,0.14,-0.23,0.43,1.40
-0.46,-1.21,0.15,-0.25,0.22,1.23
-0.55,-1.20,0.24,0.09,-0.14,0.88
-0.44,-1.12,0.34,0.26,-0.80,0.79
-0.52,-1.26,0.09,-0.58,-0.88,0.42
-0.45,-1.18,0.05,-0.30,-1.30,0.23
-0.47,-1.22,-0.10,-0.43,-1.34,-0.06
-0.52,-1.20,-0.04,-0.40,-1.54,-0.04
-0.62,-1.28,-0.30,-0.73,-1.85,-0.21
-0.59,-1.24,-0.45,-0.84,-1.44,-0.77
-0.55,-1.24,-0.76,-0.87,-1.26,-1.14
-0.43,-1.13,-0.64,-0.23,-0.49,-1.53
-0.28,-0.99,-0.54,0.12,-0.17,-1.59
-0.23,-0.94,-0.46,0.18,0.14,-1.51
-0.10,-0.82,-0.41,0.16,0.42,-1.37
-0.07,-0.79,-0.39,0.06,0.85,-1.07
0.00,-0.73,-0.32,0.05,1.07,-0.90
0.08,-0.69,-0.30,0.04,1.28,-0.60
0.08,-0.66,-0.28,0.13,1.34,-0.26
0.11,-0.58,-0.08,0.42,1.53,0.19
0.10,-0.61,-0.04,0.26,1.32,0.57
0.07,-0.64,0.11,0.13,1.62,0.77
0.07,-0.69,0.19,0.32,1.07,1.18
-0.06,-0.78,0.23,-0.15,1.06,1.42
-0.17,-0.84,0.30,-0.17,0.81,1.42
-0.28,-0.93,0.25,-0.42,0.33,1.46
-0.48,-1.07,0.25,-0.52,-0.06,1.59
-0.59,-1.16,0.26,-0.34,-0.32,1.26
-0.71,-1.28,0.09,-0.73,-1.04,1.11
-0.68,-1.28,-0.02,-0.94,-1.09,0.47
-0.63,-1.24,-0.10,-0.28,-1.55,0.24
-0.72,-1.34,-0.22,-0.95,-1.43,0.04
-0.78,-1.36,-0.51,-1.49,-1.77,-0.57
-0.76,-1.30,-0.67,-0.53,-1.21,-1.13
-0.65,-1.19,-0.59,-0.44,-0.70,-1.63
-0.47,-1.02,-0.59,-0.09,-0.45,-1.92
-0.26,-0.88,-0.55,-0.03,-0.18,-1.86
-0.19,-0.87,-0.59,0.06,0.15,-1.65
-0.07,-0.72,-0.52,0.42,0.48,-1.58
-0.01,-0.62,-0.52,0.15,0.96,-1.19
0.02,-0.55,-0.36,0.42,1.40,-0.77
0.04,-0.51,-0.23,0.58,1.30,-0.29
0.10,-0.50,-0.12,0.38,1.35,0.13
0.05,-0.58,0.01,0.35,1.12,0.67
0.02,-0.69,-0.11,0.73,0.72,1.08
-0.05,-0.74,0.18,1.01,1.29,1.19
-0.18,-0.85,0.32,0.45,1.11,1.35
-0.25,-0.93,0.36,-0.03,0.94,1.24
-0.29,-0.99,0.31,-0.34,0.68,1.25
-0.40,-1.02,0.51,-0.20,0.48,1.22
-0.46,-1.11,0.28,-0.46,-0.44,1.11
-0.55,-1.17,0.15,-0.93,-0.43,0.84
-0.51,-1.16,0.11,-0.68,-0.60,0.50
-0.63,-1.25,-0.14,-1.13,-0.91,0.25
-0.60,-1.20,-0.18,-1.39,-0.72,-0.12
-0.57,-1.13,-0.40,-1.77,-1.13,-0.45
-0.69,-1.25,-0.67,-2.27,-0.71,-0.79
-0.61,-1.23,-0.88,-0.47,-0.90,-1.22
-0.50,-1.11,-0.73,0.69,-1.08,-1.45
-0.45,-1.04,-0.64,0.55,-0.67,-1.54
-0.40,-0.94,-0.60,0.43,-0.27,-1.59
-0.23,-0.77,-0.59,0.22,0.01,-1.74
-0.12,-0.73,-0.61,0.06,0.59,-1.49
-0.05,-0.72,-0.50,0.47,0.76,-1.20
0.05,-0.65,-0.45,0.28,1.05,-0.94
0.10,-0.58,-0.41,0.27,1.33,-0.52
0.16,-0.45,-0.27,0.87,1.29,-0.09
0.11,-0.51,-0.09,0.86,1.50,0.51
0.06,-0.52,0.05,0.30,2.03,0.70
-0.01,-0.59,0.12,0.26,1.40,1.24
-0.16,-0.73,0.26,0.33,1.28,1.52
-0.26,-0.87,0.21,-0.15,0.74,1.67
-0.36,-1.03,0.12,-0.41,0.64,1.46
-0.40,-1.03,0.34,0.05,0.25,1.38
-0.51,-1.14,0.29,-0.26,-0.33,1.40
-0.58,-1.23,0.16,-0.75,-0.61,1.02
-0.55,-1.19,0.19,-0.55,-1.00,0.70
-0.65,-1.28,-0.28,-0.58,-1.70,0.54
-0.59,-1.14,-0.01,-0.45,-0.95,0.07
-0.71,-1.31,-0.33,-1.23,-1.25,-0.19
-0.67,-1.29,-0.45,-1.00,-1.31,-0.63
-0.67,-1.27,-0.57,-0.71,-1.01,-1.07
-0.61,-1.17,-0.52,-0.41,-0.72,-1.41
-0.51,-1.04,-0.51,-0.15,-0.57,-1.66
-0.37,-0.94,-0.47,-0.12,-0.38,-1.67
-0.27,-0.88,-0.51,-0.08,-0.10,-1.55
-0.21,-0.84,-0.51,0.12,0.22,-1.50
-0.06,-0.77,-0.47,0.12,0.82,-1.53
-0.04,-0.75,-0.49,-0.05,1.16,-1.26
0.06,-0.67,-0.47,0.53,1.23,-0.90
0.08,-0.62,-0.20,0.78,1.33,-0.45
0.15,-0.60,-0.15,0.44,1.15,-0.16
0.10,-0.65,-0.13,0.05,1.57,0.32
0.13,-0.66,-0.08,0.09,1.52,0.46
0.11,-0.65,0.25,-0.21,2.34,0.84
0.00,-0.77,0.03,-0.44,0.76,1.23
-0.08,-0.75,0.23,-0.80,1.32,1.15
-0.05,-0.81,0.10,-0.07,0.17,1.47
-0.28,-0.99,0.26,-0.44,0.04,1.74
-0.36,-1.05,0.14,-0.51,-0.25,1.45
-0.54,-1.17,0.06,-0.62,-0.73,1.54
-0.68,-1.18,-0.10,-0.43,-0.78,1.16
-0.76,-1.36,-0.02,-0.32,-0.78,0.47
-0.61,-1.37,-0.30,-0.69,-1.30,0.09
-0.64,-1.43,-0.54,-0.50,-1.47,-0.40
-0.66,-1.40,-0.52,-0.28,-1.35,-0.73
-0.64,-1.32,-0.64,-0.37,-0.98,-1.23
-0.51,-1.13,-0.53,0.10,-0.86,-1.58
-0.42,-1.02,-0.41,0.11,-0.72,-1.62
-0.27,-0.88,-0.44,-0.02,-0.49,-1.59
-0.23,-0.90,-0.51,-0.25,0.36,-1.27
-0.04,-0.79,-0.51,0.26,0.27,-1.48
-0.00,-0.79,-0.56,-0.03,0.63,-1.19
0.06,-0.71,-0.61,0.15,0.94,-1.14
0.05,-0.68,-0.37,0.67,1.33,-0.62
0.07,-0.62,-0.18,0.80,1.13,-0.35
0.09,-0.54,-0.04,0.49,1.26,-0.06
0.02,-0.60,0.14,0.41,1.00,0.55
0.09,-0.74,-0.13,-0.12,1.03,0.49
0.12,-0.78,-0.04,-0.15,1.13,0.75
0.07,-0.77,-0.04,0.24,1.06,0.98
-0.01,-0.79,0.18,0.46,1.10,1.14
-0.08,-0.80,0.34,0.30,0.74,1.22
-0.24,-0.84,0.35,-0.30,0.55,1.50
-0.46,-1.02,0.32,-0.51,-0.24,1.73
-0.57,-1.14,0.21,-1.05,-0.43,1.41
-0.68,-1.31,0.09,-0.86,-0.99,1.21
-0.70,-1.39,-0.17,-0.92,-1.28,0.74
-0.59,-1.28,-0.20,-0.43,-1.30,0.21
-0.67,-1.31,-0.24,-0.54,-1.35,-0.04
-0.66,-1.23,-0.24,-0.70,-1.18,-0.49
-0.65,-1.17,-0.40,-0.73,-1.63,-0.83
-0.63,-1.21,-0.49,-0.48,-1.08,-1.03
-0.53,-1.12,-0.44,-0.18,-0.77,-1.42
-0.40,-1.02,-0.44,-0.15,-0.58,-1.54
-0.39,-1.01,-0.49,0.04,-0.39,-1.47
-0.27,-0.91,-0.46,0.23,-0.13,-1.61
-0.18,-0.86,-0.45,0.28,0.15,-1.48
-0.06,-0.79,-0.45,0.18,0.51,-1.36
0.04,-0.69,-0.39,0.20,0.92,-1.11
0.06,-0.66,-0.33,0.15,1.29,-0.76
0.06,-0.65,-0.21,0.19,1.45,-0.39
0.15,-0.59,-0.15,0.03,1.58,-0.13
0.11,-0.63,-0.14,-0.01,1.55,0.42
0.11,-0.64,-0.02,0.46,1.35,0.71
0.03,-0.73,0.06,0.10,1.53,1.01
0.01,-0.71,0.06,0.37,1.22,1.02
-0.12,-0.71,0.43,0.59,1.63,1.50
-0.30,-0.79,0.47,-0.08,0.50,1.82
-0.34,-0.89,0.34,-0.75,0.29,1.67
-0.54,-1.07,0.21,-0.95,-0.20,1.59
-0.63,-1.17,0.17,-0.55,-0.54,1.44
-0.71,-1.22,0.11,-0.58,-0.97,1.09
-0.72,-1.26,0.04,-0.61,-1.43,0.84
-0.72,-1.32,-0.03,-1.04,-1.38,0.32
-0.73,-1.37,-0.41,-1.62,-1.78,-0.18
-0.81,-1.26,-0.46,-1.19,-1.26,-0.67
-0.71,-1.11,-0.47,-0.95,-1.19,-0.98
-0.77,-1.12,-0.58,-0.99,-1.22,-1.27
-0.62,-1.01,-0.80,-0.70,-0.77,-1.65
-0.47,-0.87,-0.72,-0.13,-0.24,-1.72
-0.50,-0.91,-0.62,0.32,0.12,-1.58
-0.33,-0.82,-0.49,0.61,0.19,-1.70
-0.20,-0.78,-0.48,0.55,0.54,-1.54
-0.07,-0.67,-0.34,0.79,0.81,-1.40
-0.01,-0.63,-0.36,0.40,1.20,-0.97
0.07,-0.53,-0.30,0.44,1.73,-0.60
0.08,-0.49,-0.10,0.68,1.88,-0.01
0.05,-0.52,0.04,0.55,1.78,0.45
-0.02,-0.60,0.12,0.21,1.74,0.78
0.02,-0.61,0.05,-0.10,1.37,0.98
-0.17,-0.76,0.24,-0.42,1.87,1.23
-0.18,-0.86,0.31,-0.38,0.93,1.45
-0.27,-0.99,0.21,-0.32,0.48,1.50
-0.43,-1.10,0.24,-0.28,0.12,1.53
-0.48,-1.16,0.21,-0.34,-0.36,1.31
-0.51,-1.13,0.21,-0.43,-0.55,1.05
-0.62,-1.18,0.05,-0.59,-1.07,0.89
-0.69,-1.17,-0.08,-0.95,-1.01,0.52
-0.70,-1.18,-0.18,-0.90,-1.26,0.25
-0.69,-1.12,-0.23,-1.27,-1.18,-0.11
-0.78,-1.16,-0.38,-1.29,-1.23,-0.43
-0.75,-1.12,-0.45,-0.86,-1.44,-0.75
-0.62,-1.23,-0.73,-0.85,-1.64,-1.01
-0.68,-1.09,-0.71,-0.56,-0.95,-1.48
-0.51,-0.99,-0.70,-0.11,-0.58,-1.72
-0.37,-0.93,-0.64,0.01,-0.20,-1.76
-0.31,-0.86,-0.56,0.20,0.14,-1.58
-0.25,-0.84,-0.49,0.22,0.35,-1.48
-0.14,-0.76,-0.55,0.18,0.75,-1.39
-0.12,-0.74,-0.53,0.66,0.76,-1.22
-0.02,-0.63,-0.34,0.89,1.08,-0.78
0.08,-0.54,-0.29,0.73,1.28,-0.46
0.08,-0.50,-0.11,0.86,1.55,0.11
0.06,-0.47,0.04,0.52,1.72,0.49
0.06,-0.52,0.03,0.16,1.63,0.78
0.06,-0.55,0.13,0.08,1.74,1.09
-0.15,-0.75,0.15,-0.12,1.44,1.59
-0.26,-0.84,0.23,-0.02,1.15,1.58
-0.42,-0.90,0.39,0.06,0.76,1.70
-0.60,-1.09,0.38,-0.42,0.23,1.71
-0.66,-1.15,0.27,-0.77,-0.05,1.19
-0.74,-1.17,0.03,-0.75,-0.74,0.97
-0.64,-1.11,0.04,-0.58,-0.88,0.62
-0.69,-1.12,-0.02,-0.77,-0.97,0.36
-0.85,-1.26,-0.12,-1.26,-1.34,0.32
-0.71,-1.26,-0.47,-0.85,-1.95,-0.39
-0.77,-1.27,-0.41,-0.87,-1.22,-0.67
-0.67,-1.18,-0.54,-0.58,-1.28,-1.04
-0.64,-1.13,-0.49,-0.49,-0.98,-1.27
-0.57,-1.09,-0.49,-0.32,-0.70,-1.48
-0.49,-1.03,-0.50,-0.29,-0.43,-1.58
-0.44,-1.00,-0.43,-0.10,-0.14,-1.55
-0.29,-0.85,-0.51,-0.17,0.09,-1.58
-0.20,-0.76,-0.57,-0.26,0.59,-1.49
-0.07,-0.61,-0.62,-0.03,0.83,-1.26
-0.05,-0.57,-0.51,0.28,1.04,-0.90
-0.02,-0.58,-0.51,0.48,1.31,-0.53
-0.01,-0.58,-0.28,1.03,1.51,-0.16
0.03,-0.55,-0.13,0.90,1.62,0.10
0.05,-0.53,-0.01,0.61,1.81,0.44
0.07,-0.49,0.14,0.59,1.62,0.73
0.01,-0.56,0.22,0.30,1.65,1.29
-0.15,-0.69,0.37,0.40,1.26,1.64
-0.37,-0.92,0.38,-0.04,0.65,1.81
-0.44,-0.98,0.38,-0.27,0.43,1.52
-0.64,-1.12,0.32,-0.59,-0.08,1.64
-0.67,-1.17,0.30,-0.62,-0.47,1.19
-0.67,-1.18,0.09,-0.89,-0.90,0.94
-0.71,-1.20,-0.02,-1.06,-1.03,0.73
-0.76,-1.25,-0.13,-1.07,-1.08,0.30
-0.76,-1.24,-0.21,-1.15,-1.15,-0.14
-0.81,-1.28,-0.42,-0.96,-1.62,-0.33
-0.76,-1.20,-0.58,-1.03,-1.18,-0.92
-0.71,-1.16,-0.77,-0.76,-0.76,-1.27
-0.60,-1.05,-0.64,0.28,-0.54,-1.52
-0.48,-0.93,-0.49,0.31,-0.20,-1.68
-0.43,-0.88,-0.50,0.03,0.24,-1.64
-0.24,-0.78,-0.44,0.29,0.42,-1.63
-0.10,-0.76,-0.57,0.00,0.75,-1.21
-0.16,-0.77,-0.39,0.35,1.41,-0.99
0.01,-0.63,-0.44,0.64,1.31,-0.80
0.04,-0.55,-0.21,0.64,1.42,-0.37
-0.05,-0.87,0.34,-0.93,0.25,-0.03
-0.15,-0.99,0.24,-0.17,-0.15,0.06
-0.07,-0.95,0.19,0.56,-0.25,-0.01
-0.12,-0.97,0.37,0.08,0.10,-0.00
-0.12,-0.97,0.26,0.12,-0.06,0.04
-0.12,-0.92,0.32,0.34,-0.06,-0.03
-0.10,-0.93,0.35,0.20,-0.15,0.06
-0.14,-0.97,0.35,0.03,0.05,0.02
-0.10,-0.94,0.35,0.03,-0.01,-0.01
-0.13,-0.97,0.31,-0.00,0.01,0.05
-0.13,-0.96,0.32,-0.01,0.01,-0.02
-0.13,-0.95,0.31,-0.12,0.05,0.06
-0.15,-0.99,0.29,-0.19,0.09,0.08
-0.19,-1.01,0.20,-0.24,0.20,-0.01
-0.15,-0.90,0.28,-0.09,0.16,-0.06
-0.16,-0.87,0.35,-0.20,0.09,0.26
-0.13,-0.79,0.41,-0.63,0.03,0.52
-0.29,-0.99,0.36,-0.93,-0.01,0.72
-0.29,-1.09,0.36,-0.59,-0.23,0.47
-0.39,-1.23,0.46,-0.29,-0.58,0.39
-0.32,-1.19,0.38,-0.58,-1.02,-0.00
-0.31,-1.22,0.19,-0.99,-0.93,-0.23
-0.27,-1.20,0.11,-0.74,-1.11,-0.49
-0.25,-1.16,-0.07,-0.62,-1.31,-0.66
-0.30,-1.23,-0.29,-0.88,-0.96,-0.85
-0.27,-1.15,-0.29,-0.70,-0.43,-1.21
-0.16,-1.05,-0.46,-0.99,-0.47,-1.30
-0.04,-0.94,-0.55,-0.84,0.72,-1.44
0.06,-0.85,-0.49,-0.32,0.99,-1.24
0.09,-0.80,-0.48,0.13,1.01,-1.01
0.13,-0.71,-0.44,0.16,1.20,-0.80
0.23,-0.48,-0.33,-0.21,2.12,-0.50
0.28,-0.37,-0.19,-0.61,2.63,0.08
0.14,-0.46,0.09,0.16,1.85,0.81
0.10,-0.50,0.16,0.17,1.46,0.94
0.10,-0.59,0.28,0.06,1.14,1.17
-0.02,-0.69,0.38,-0.02,1.03,1.38
-0.06,-0.84,0.23,-0.02,0.18,1.64
-0.15,-0.99,0.21,-0.13,0.32,1.70
-0.29,-1.02,0.49,0.24,-0.01,1.67
-0.49,-1.22,0.48,0.14,-0.74,1.80
-0.62,-1.38,0.33,-0.32,-1.03,1.18
-0.64,-1.43,0.18,-0.60,-1.48,0.78
-0.72,-1.53,-0.02,-0.64,-1.57,0.38
-0.82,-1.62,-0.30,-0.57,-2.20,0.13
-0.70,-1.44,-0.23,-0.34,-1.78,-0.72
-0.56,-1.25,-0.28,-0.96,-1.51,-1.19
-0.36,-1.04,-0.46,-1.29,-1.49,-1.47
-0.29,-1.03,-0.48,-0.72,-0.71,-1.34
-0.09,-0.84,-0.49,-0.43,-0.46,-1.30
-0.30,-1.09,-0.45,-0.63,0.30,-0.84
-0.12,-0.84,-0.62,-0.64,0.38,-1.39
-0.10,-0.77,-0.48,-0.45,1.32,-1.15
-0.03,-0.68,-0.42,0.34,0.78,-1.02
0.02,-0.66,-0.28,0.46,0.83,-0.70
0.17,-0.54,-0.47,0.24,0.62,-0.50
0.02,-0.71,-0.09,0.43,1.97,0.07
0.22,-0.61,-0.10,0.13,1.42,0.14
0.18,-0.66,0.07,0.04,1.71,0.67
0.23,-0.60,0.09,0.32,1.04,1.02
0.07,-0.72,0.21,0.29,1.15,1.22
-0.07,-0.79,0.23,0.15,0.97,1.33
-0.24,-0.94,0.19,0.07,0.59,1.51
-0.21,-0.98,0.21,-0.05,0.50,1.20
-0.27,-1.11,0.09,0.31,-0.13,1.33
-0.29,-1.15,0.43,1.37,-0.23,1.23
-0.53,-1.30,0.39,1.04,-1.01,1.17
-0.55,-1.32,0.54,0.58,-1.01,0.76
-0.52,-1.31,0.35,-0.03,-1.23,0.42
-0.62,-1.34,0.20,-0.32,-1.82,0.32
-0.68,-1.43,0.13,-0.53,-1.75,0.13
-0.60,-1.34,-0.09,-1.30,-1.58,-0.56
-0.48,-1.26,-0.20,-0.94,-1.50,-0.76
-0.43,-1.17,-0.10,-0.55,-1.48,-0.93
-0.38,-1.16,-0.32,-0.94,-1.19,-1.02
-0.24,-1.00,-0.27,-0.70,-0.61,-1.26
-0.18,-0.92,-0.48,-0.92,-0.73,-0.94
-0.23,-0.89,-0.44,0.05,0.37,-1.15
0.00,-0.69,-0.34,-0.14,0.82,-1.16
-0.06,-0.71,-0.34,-0.50,1.48,-0.76
0.07,-0.61,-0.23,0.16,1.31,-0.52
0.05,-0.64,-0.15,0.11,1.46,-0.06
0.06,-0.60,-0.05,-0.11,1.70,0.14
0.09,-0.60,-0.03,-0.12,1.53,0.66
0.03,-0.70,-0.00,0.06,1.54,0.90
0.02,-0.71,0.14,0.48,1.69,0.99
-0.00,-0.72,0.35,0.63,1.21,1.25
-0.15,-0.82,0.42,0.31,0.89,1.48
-0.32,-0.90,0.47,-0.20,0.42,1.46
-0.41,-0.95,0.40,-0.67,-0.20,1.53
-0.59,-1.17,0.14,-1.00,-0.85,1.52
-0.55,-1.14,0.22,-0.25,-0.88,1.10
-0.65,-1.22,0.08,-0.23,-1.24,0.92
-0.71,-1.19,0.16,-0.03,-1.31,0.66
-0.80,-1.29,0.07,-0.28,-1.51,0.41
-0.80,-1.31,-0.06,-0.63,-1.39,-0.12
-0.90,-1.40,-0.27,-0.84,-1.55,-0.49
-0.77,-1.26,-0.33,-0.59,-1.28,-1.11
-0.71,-1.17,-0.25,-0.48,-0.96,-1.38
-0.60,-1.09,-0.29,-0.51,-0.76,-1.59
-0.51,-1.04,-0.33,-0.81,-0.47,-1.73
-0.32,-0.90,-0.47,-0.53,-0.24,-1.82
-0.20,-0.82,-0.44,-0.23,0.39,-1.67
-0.10,-0.70,-0.43,-0.22,0.81,-1.52
-0.04,-0.66,-0.37,-0.03,1.24,-1.14
0.05,-0.58,-0.31,0.03,1.38,-0.81
0.15,-0.55,-0.30,-0.11,1.73,-0.40
0.13,-0.52,-0.17,0.20,1.86,0.10
0.07,-0.58,0.06,0.38,1.80,0.48
0.09,-0.61,-0.02,0.18,1.48,0.84
-0.01,-0.68,0.25,0.15,1.59,1.01
0.01,-0.69,0.15,-0.21,1.18,1.40
-0.23,-0.91,0.37,0.15,0.96,1.70
-0.30,-0.98,0.34,0.13,0.05,1.61
-0.42,-1.11,0.29,-0.07,0.18,1.56
-0.46,-1.12,0.31,0.10,-0.26,1.29
-0.52,-1.19,0.37,0.31,-0.72,1.20
-0.62,-1.26,0.21,-0.15,-0.88,0.86
-0.69,-1.23,0.23,-0.10,-1.06,0.56
-0.74,-1.19,0.21,-0.09,-1.35,0.20
-0.77,-1.28,0.13,-0.64,-1.22,-0.40
-0.77,-1.39,-0.40,-1.29,-1.83,-0.44
-0.70,-1.37,-0.39,-0.44,-1.20,-1.07
-0.55,-1.24,-0.34,0.00,-1.37,-1.30
-0.52,-1.17,-0.38,-0.18,-0.89,-1.36
-0.33,-0.93,-0.31,0.20,-0.71,-1.54
-0.32,-0.88,-0.16,0.33,-0.30,-1.41
-0.13,-0.80,-0.25,-0.05,-0.21,-1.36
-0.08,-0.82,-0.31,-0.60,0.65,-1.26
0.00,-0.79,-0.33,-0.26,0.95,-1.03
0.06,-0.69,-0.23,0.05,1.26,-0.81
0.12,-0.60,-0.20,0.08,1.53,-0.52
0.14,-0.54,0.09,0.42,1.75,-0.13
0.11,-0.56,0.10,0.21,1.25,0.38
0.07,-0.54,0.18,0.10,1.37,0.49
0.06,-0.60,0.30,-0.07,1.35,1.08
-0.12,-0.81,0.34,0.10,0.89,1.21
-0.13,-0.82,0.33,0.15,0.65,1.30
-0.23,-0.91,0.58,-0.08,0.64,1.48
-0.40,-1.09,0.39,-0.34,-0.03,1.44
-0.51,-1.19,0.30,-0.64,-0.40,1.26
-0.46,-1.21,0.26,-0.35,-0.59,0.82
-0.61,-1.33,0.07,-0.24,-1.21,0.84
-0.56,-1.25,0.15,0.02,-1.11,0.25
-0.69,-1.29,-0.01,-0.08,-1.57,0.15
-0.66,-1.27,0.00,0.41,-1.99,-0.06
-0.65,-1.36,-0.20,-0.16,-1.21,-0.61
-0.54,-1.23,-0.05,-0.10,-1.10,-0.94
-0.45,-1.17,-0.07,-0.50,-0.73,-1.04
-0.41,-1.09,-0.05,-0.48,-0.68,-1.12
-0.31,-0.94,-0.20,-0.55,-0.56,-1.17
-0.31,-1.00,-0.19,-0.34,-0.07,-1.14
-0.17,-0.95,-0.29,-0.35,0.12,-1.35
-0.07,-0.85,-0.43,-0.70,0.44,-1.36
0.02,-0.75,-0.33,-0.01,1.16,-1.10
0.01,-0.78,-0.10,0.01,1.46,-0.98
0.24,-0.49,-0.17,-0.92,1.11,-0.79
0.07,-0.67,-0.11,-0.61,2.03,0.23
0.06,-0.73,-0.06,-0.01,1.40,0.51
0.00,-0.75,0.06,-0.02,1.32,0.68
0.07,-0.74,0.15,0.34,1.27,0.81
-0.06,-0.84,0.40,0.19,1.30,1.12
-0.08,-0.88,0.20,-0.15,0.47,1.11
-0.04,-0.82,0.36,0.03,0.72,1.10
-0.20,-1.00,0.20,-0.09,-0.11,1.31
-0.24,-1.04,0.26,0.50,0.07,1.06
-0.37,-1.15,0.15,0.57,-0.63,1.15
-0.38,-1.11,0.24,0.63,-0.41,0.77
-0.46,-1.16,0.32,0.72,-0.91,0.88
-0.57,-1.26,0.32,0.28,-0.99,0.71
-0.62,-1.34,0.12,-0.19,-0.99,0.24
-0.57,-1.29,0.27,-0.17,-1.04,-0.02
-0.61,-1.36,0.10,-0.26,-1.15,-0.32
-0.55,-1.29,0.01,-0.40,-1.28,-0.54
-0.55,-1.26,-0.04,-0.40,-1.12,-0.87
-0.40,-1.11,-0.04,-0.41,-1.04,-1.09
-0.31,-1.05,-0.17,-0.42,-1.03,-1.13
-0.24,-1.04,-0.25,-0.23,-0.86,-1.05
-0.22,-1.02,-0.21,0.13,-0.41,-1.20
-0.07,-0.90,-0.18,0.02,-0.29,-1.32
-0.02,-0.83,-0.18,-0.10,0.37,-1.24
0.07,-0.76,-0.14,-0.24,0.84,-1.02
0.15,-0.71,-0.19,0.00,0.92,-0.81
0.16,-0.65,-0.14,0.12,1.88,-0.46
0.10,-0.69,0.06,0.28,1.49,-0.21
0.08,-0.67,0.00,0.55,1.45,0.04
0.06,-0.67,0.21,1.10,1.42,0.17
0.08,-0.61,0.42,1.15,1.31,0.40
0.07,-0.57,0.51,0.63,1.04,0.57
0.07,-0.57,0.57,0.29,0.93,0.88
-0.10,-0.72,0.51,-0.01,0.79,1.29
-0.22,-0.82,0.55,0.18,0.51,1.40
-0.33,-0.91,0.58,-0.02,0.45,1.49
-0.39,-0.97,0.72,-0.19,0.15,1.31
-0.54,-1.18,0.56,-0.39,-0.20,1.24
-0.60,-1.28,0.59,-0.47,-0.44,0.82
-0.59,-1.30,0.56,-0.44,-0.64,0.43
-0.59,-1.36,0.49,-0.80,-1.06,0.14
-0.61,-1.39,0.21,-1.08,-1.08,-0.35
-0.52,-1.31,0.10,-0.64,-1.47,-0.68
-0.46,-1.24,0.01,-0.53,-1.53,-0.85
-0.42,-1.14,-0.09,-0.86,-1.19,-1.06
-0.25,-1.03,-0.15,-0.37,-1.03,-1.43
-0.18,-1.00,-0.15,-0.54,-0.64,-1.22
-0.05,-0.90,-0.35,-0.13,-0.82,-1.34
-0.00,-0.83,-0.21,0.01,0.10,-1.09
-0.01,-0.80,-0.24,0.32,0.25,-1.01
0.06,-0.74,-0.13,0.29,0.59,-0.86
0.11,-0.71,-0.11,0.19,0.86,-0.64
0.14,-0.64,-0.09,0.49,1.07,-0.36
0.07,-0.69,0.10,0.43,1.87,0.02
0.12,-0.64,0.13,0.02,1.51,-0.01
0.12,-0.62,0.19,0.17,1.73,0.42
0.13,-0.56,0.42,0.21,1.61,0.69
0.03,-0.63,0.45,0.30,1.28,1.16
-0.14,-0.72,0.63,0.15,1.24,1.29
-0.23,-0.82,0.63,0.19,0.58,1.43
-0.43,-0.98,0.67,-0.07,0.49,1.37
-0.54,-1.01,0.77,-0.47,-0.21,1.24
-0.58,-1.18,0.48,-0.94,-0.12,0.99
-0.48,-1.11,0.58,-0.15,-0.82,0.77
-0.69,-1.35,0.32,-0.76,-0.90,0.64
-0.56,-1.24,0.38,-0.66,-1.01,0.11
-0.58,-1.25,0.09,-1.08,-1.29,-0.03
-0.59,-1.31,-0.09,-0.64,-1.42,-0.35
-0.53,-1.28,-0.09,-0.56,-1.22,-0.78
-0.44,-1.23,-0.15,-0.48,-1.23,-1.11
-0.37,-1.20,-0.21,-0.34,-0.97,-1.23
-0.26,-1.10,-0.21,-0.19,-0.77,-1.38
-0.21,-1.01,-0.24,-0.20,-0.54,-1.38
-0.12,-0.90,-0.28,0.04,-0.18,-1.37
-0.08,-0.84,-0.24,0.09,0.12,-1.16
0.01,-0.75,-0.27,0.04,0.56,-1.16
-0.02,-0.78,-0.01,0.25,0.79,-0.89
0.13,-0.65,-0.29,0.17,0.31,-0.81
0.12,-0.59,0.01,0.38,1.91,-0.59
0.25,-0.51,0.08,0.97,1.26,-0.11
0.16,-0.53,0.30,1.02,1.57,0.30
0.20,-0.48,0.39,1.26,1.15,0.72
0.04,-0.57,0.52,1.12,0.99,0.93
0.03,-0.54,0.70,0.59,1.31,0.99
-0.12,-0.63,0.68,0.14,1.08,1.33
-0.28,-0.77,0.71,0.03,0.89,1.43
-0.37,-0.88,0.79,-0.06,0.67,1.21
-0.51,-1.10,0.64,-0.62,0.20,1.28
-0.49,-1.14,0.79,-0.47,0.15,0.94
-0.57,-1.26,0.70,-0.62,-0.62,0.84
-0.63,-1.33,0.49,-1.25,-0.78,0.49
-0.53,-1.22,0.46,-1.19,-1.45,0.16
-0.69,-1.35,0.14,-0.78,-2.07,0.41
-0.62,-1.28,0.05,-0.75,-1.77,-0.39
-0.52,-1.24,-0.02,-0.75,-1.36,-0.75
-0.44,-1.14,-0.04,-0.58,-1.15,-1.12
-0.36,-1.06,-0.06,-0.72,-0.70,-1.24
-0.23,-0.97,-0.09,-0.48,-0.56,-1.42
-0.11,-0.93,-0.22,-0.38,-0.59,-1.41
-0.12,-0.89,-0.35,-0.45,0.24,-1.39
-0.03,-0.75,-0.31,-0.28,0.94,-1.42
0.04,-0.65,-0.18,-0.03,1.34,-1.02
-0.00,-0.69,-0.12,0.38,1.33,-0.67
0.12,-0.59,0.01,0.43,1.64,-0.50
0.16,-0.55,0.09,0.53,1.47,-0.09
0.18,-0.57,0.18,0.57,1.65,0.33
0.12,-0.61,0.41,0.77,1.53,0.74
0.00,-0.72,0.42,0.44,1.28,0.96
-0.02,-0.57,0.75,0.10,1.51,1.03
-0.20,-0.79,0.67,-0.45,0.64,1.57
-0.37,-1.01,0.45,-0.45,0.42,1.31
-0.23,-0.84,0.63,-0.03,0.32,1.06
-0.42,-1.02,0.58,-0.16,-0.23,1.42
-0.54,-1.12,0.50,-0.33,-0.42,1.11
-0.52,-1.15,0.58,-0.53,-0.75,1.06
-0.67,-1.34,0.40,-0.58,-1.16,0.86
-0.77,-1.34,0.26,-1.33,-1.09,0.40
-0.71,-1.32,0.06,-0.88,-1.51,-0.14
-0.62,-1.26,-0.01,-0.59,-1.55,-0.50
-0.60,-1.26,-0.15,-0.75,-1.40,-0.90
-0.48,-1.20,-0.24,-0.50,-1.00,-1.25
-0.32,-1.08,-0.11,-0.12,-0.81,-1.42
-0.22,-1.12,-0.13,-0.01,-0.76,-1.33
-0.26,-1.03,-0.16,-0.13,-0.29,-1.26
-0.22,-0.88,-0.18,-0.16,0.10,-1.37
-0.10,-0.76,-0.23,-0.53,0.41,-1.29
-0.04,-0.74,-0.35,-0.52,0.89,-1.21
0.07,-0.65,-0.15,0.38,1.15,-1.08
0.16,-0.53,-0.12,0.81,0.72,-1.01
0.10,-0.62,-0.00,0.51,1.87,-0.24
0.19,-0.54,0.14,0.87,1.38,-0.05
0.22,-0.51,0.34,0.81,1.60,0.48
0.08,-0.58,0.44,0.34,1.62,0.82
0.05,-0.52,0.71,0.07,1.66,0.99
-0.13,-0.67,0.69,-0.43,1.01,1.50
-0.22,-0.84,0.53,-0.74,0.80,1.47
-0.39,-1.04,0.40,-0.67,0.27,1.53
-0.33,-1.03,0.55,-0.21,0.22,1.39
-0.52,-1.25,0.38,-0.53,-0.40,1.24
-0.54,-1.20,0.44,-0.44,-0.57,0.91
-0.65,-1.30,0.44,-0.65,-1.00,0.88
-0.73,-1.41,0.19,-1.10,-1.19,0.29
-0.71,-1.37,-0.00,-1.29,-1.31,-0.21
-0.72,-1.34,-0.23,-1.14,-1.48,-0.68
-0.61,-1.30,-0.25,-1.13,-0.73,-1.31
-0.48,-1.20,-0.38,-0.48,-1.04,-1.63
-0.34,-1.06,-0.29,-0.24,-0.60,-1.61
-0.27,-0.94,-0.35,-0.28,-0.60,-1.55
-0.13,-0.84,-0.43,-0.21,-0.18,-1.53
-0.06,-0.80,-0.39,-0.22,0.44,-1.41
0.01,-0.78,-0.32,0.13,0.72,-1.17
0.06,-0.75,-0.25,0.29,0.87,-0.88
0.10,-0.66,-0.23,0.52,1.03,-0.62
0.18,-0.51,-0.10,0.97,1.19,-0.29
0.18,-0.49,0.15,1.14,1.40,0.26
0.12,-0.61,0.07,0.96,0.91,0.59
0.09,-0.59,0.16,0.49,1.59,0.70
-0.01,-0.73,0.36,0.43,2.04,0.73
-0.04,-0.78,0.44,0.44,1.33,1.04
-0.12,-0.79,0.46,0.20,1.14,1.07
-0.22,-0.84,0.56,-0.10,0.93,1.33
-0.36,-0.92,0.65,0.04,0.44,1.48
-0.49,-1.01,0.62,-0.18,-0.03,1.44
-0.50,-1.01,0.58,-0.46,-0.45,1.24
-0.58,-1.15,0.33,-0.81,-0.67,1.09
-0.52,-1.06,0.51,-0.63,-0.80,0.90
-0.76,-1.27,0.20,-0.98,-1.24,0.81
-0.74,-1.25,0.19,-1.10,-1.23,0.35
-0.80,-1.26,-0.14,-1.06,-1.45,0.04
-0.84,-1.32,-0.13,-0.88,-0.85,-0.38
-0.71,-1.23,-0.21,-0.09,-1.32,-0.87
-0.61,-1.12,-0.14,-0.25,-1.09,-1.33
-0.45,-1.03,-0.17,-0.31,-0.80,-1.50
-0.34,-0.98,-0.17,-0.05,-0.63,-1.55
-0.25,-0.95,-0.20,-0.05,-0.33,-1.59
-0.11,-0.85,-0.23,-0.01,-0.06,-1.52
-0.13,-0.86,-0.26,-0.31,0.67,-1.38
-0.02,-0.76,-0.27,-0.20,0.96,-1.31
0.03,-0.67,-0.19,0.32,1.20,-0.95
0.09,-0.54,0.02,0.79,1.56,-0.75
0.12,-0.49,0.15,0.53,1.45,-0.17
0.11,-0.54,0.18,0.27,1.52,0.15
0.15,-0.60,0.20,0.16,1.38,0.58
0.04,-0.65,0.24,0.28,1.51,0.90
-0.06,-0.71,0.44,0.51,1.41,1.21
-0.14,-0.64,0.57,0.07,1.42,1.25
-0.23,-0.69,0.44,-0.37,1.29,1.44
-0.44,-0.88,0.63,-0.54,1.05,1.67
-0.74,-1.19,0.53,-0.02,-0.09,1.68
-0.71,-1.21,0.48,-0.19,-0.49,1.16
-0.72,-1.26,0.36,-0.33,-0.91,0.92
-0.71,-1.23,0.38,-0.41,-1.00,0.54
-0.77,-1.30,0.19,-0.74,-1.20,0.28
-0.76,-1.27,0.17,-0.84,-1.31,-0.11
-0.76,-1.26,0.05,-0.81,-1.50,-0.41
-0.68,-1.22,-0.01,-0.63,-1.55,-0.80
-0.60,-1.15,-0.04,-0.48,-1.61,-0.98
-0.43,-1.08,-0.19,-0.42,-1.35,-1.41
-0.34,-1.04,-0.25,-0.55,-0.88,-1.47
-0.24,-0.98,-0.28,-0.41,-0.25,-1.61
-0.14,-0.84,-0.15,-0.20,0.16,-1.51
-0.13,-0.83,-0.24,-0.11,0.39,-1.29
-0.07,-0.75,-0.16,0.21,0.76,-1.15
0.03,-0.64,-0.07,0.10,1.07,-0.92
0.10,-0.67,-0.13,0.05,1.19,-0.52
0.09,-0.68,-0.01,0.44,1.46,-0.24
0.10,-0.59,0.12,0.48,1.56,-0.01
0.15,-0.51,0.27,0.13,1.86,0.24
0.13,-0.51,0.40,0.04,1.57,0.84
-0.03,-0.59,0.48,-0.07,1.24,1.30
-0.30,-0.86,0.47,-0.38,0.88,1.60
-0.30,-0.94,0.40,-0.04,0.53,1.49
-0.47,-1.08,0.45,0.00,0.14,1.46
-0.46,-1.05,0.46,-0.14,-0.17,1.30
-0.48,-1.12,0.25,-0.31,-0.39,1.01
-0.41,-1.02,0.47,-0.04,-0.47,1.09
-0.76,-1.25,0.26,-0.54,-0.74,0.85
-0.70,-1.16,0.31,-0.67,-0.86,0.54
-0.81,-1.26,0.14,-0.67,-1.20,0.26
-0.80,-1.28,0.02,-0.79,-1.34,-0.25
-0.76,-1.28,-0.08,-0.61,-1.35,-0.62
-0.70,-1.28,-0.09,-0.46,-1.29,-0.96
-0.53,-1.15,-0.10,-0.51,-1.12,-1.39
-0.47,-1.10,-0.17,-0.61,-1.07,-1.48
-0.40,-1.03,-0.21,-0.45,-0.70,-1.72
-0.31,-0.97,-0.31,-0.53,-0.32,-1.67
-0.17,-0.85,-0.36,-0.32,0.13,-1.65
-0.05,-0.72,-0.38,-0.04,0.50,-1.49
-0.04,-0.69,-0.28,0.22,1.04,-1.27
0.06,-0.60,-0.15,0.88,1.02,-0.99
0.12,-0.56,0.03,0.96,1.21,-0.59
0.22,-0.48,0.08,0.73,1.26,-0.26
0.25,-0.48,0.11,0.20,1.60,0.28
0.21,-0.47,0.12,1.20,1.45,0.87
-0.05,-0.51,0.52,1.59,1.64,1.41
-0.13,-0.59,0.68,0.56,1.52,1.32
-0.20,-0.61,0.75,-0.62,1.54,1.35
-0.39,-0.87,0.67,-0.78,0.95,1.63
-0.49,-1.01,0.55,-1.01,0.53,1.45
-0.59,-1.12,0.53,-0.71,0.10,1.37
-0.70,-1.23,0.49,-0.37,-0.59,1.22
-0.70,-1.23,0.38,-0.58,-0.82,0.77
-0.76,-1.29,0.22,-0.80,-1.03,0.49
-0.72,-1.19,0.28,-0.76,-1.21,0.18
-0.83,-1.39,0.02,-0.78,-1.39,0.01
-0.78,-1.35,0.00,-0.62,-1.43,-0.51
-0.66,-1.20,-0.15,-0.63,-1.27,-1.20
-0.50,-1.04,-0.15,-0.55,-1.03,-1.39
-0.43,-0.99,-0.21,-0.48,-0.80,-1.41
-0.39,-0.98,-0.26,-0.19,-0.61,-1.40
-0.30,-0.90,-0.26,-0.07,-0.27,-1.42
-0.18,-0.85,-0.25,-0.10,0.03,-1.41
-0.13,-0.81,-0.21,-0.29,0.84,-1.40
-0.02,-0.76,-0.23,-0.04,0.97,-1.21
0.08,-0.67,-0.13,0.32,1.21,-0.94
0.13,-0.64,-0.06,0.45,1.26,-0.59
0.15,-0.57,-0.04,0.68,1.34,-0.18
0.19,-0.56,0.21,1.76,1.65,0.10
0.09,-0.56,0.31,1.04,0.69,0.58
0.04,-0.59,0.50,0.09,1.74,0.52
0.03,-0.58,0.49,-0.13,1.29,1.03
-0.18,-0.75,0.48,-0.12,1.07,1.25
-0.18,-0.75,0.49,-0.12,0.86,1.28
-0.39,-0.89,0.51,-0.38,0.67,1.43
-0.37,-0.86,0.73,-0.16,0.45,1.43
-0.65,-1.14,0.50,-0.54,-0.32,1.45
-0.71,-1.27,0.51,-0.77,-0.59,1.21
-0.61,-1.17,0.39,-0.74,-0.68,0.51
-0.82,-1.30,0.20,-1.11,-1.11,0.52
-0.68,-1.20,0.17,-1.33,-0.93,-0.13
-0.75,-1.28,-0.05,-1.40,-1.26,-0.34
-0.75,-1.34,-0.33,-1.30,-1.20,-0.79
-0.59,-1.18,-0.27,-0.57,-0.82,-1.30
-0.51,-1.07,-0.28,-0.22,-0.83,-1.34
-0.42,-1.01,-0.32,-0.21,-0.54,-1.42
-0.37,-0.98,-0.40,-0.06,-0.42,-1.41
-0.18,-0.85,-0.38,0.00,0.08,-1.47
-0.11,-0.84,-0.41,-0.07,0.45,-1.23
-0.07,-0.78,-0.38,0.46,0.91,-1.00
-0.04,-0.69,-0.17,1.04,0.99,-0.80
0.00,-0.59,-0.03,1.34,0.98,-0.67
0.08,-0.53,0.17,1.00,1.57,-0.50
0.09,-0.55,0.22,0.21,1.36,-0.12
0.12,-0.59,0.20,-0.09,1.38,0.31
-0.00,-0.71,0.29,-0.04,1.37,0.72
-0.03,-0.69,0.31,0.26,1.12,0.96
-0.15,-0.81,0.55,0.09,1.15,1.09
-0.09,-0.75,0.53,0.13,0.48,1.27
-0.34,-0.93,0.63,-0.26,0.49,1.46
-0.45,-1.02,0.53,-0.28,-0.16,1.41
-0.50,-1.11,0.52,-0.49,-0.41,1.22
-0.55,-1.11,0.34,-0.59,-0.77,0.93
-0.71,-1.23,0.27,-0.77,-1.08,0.91
-0.74,-1.27,0.15,-0.99,-1.05,0.41
-0.71,-1.27,-0.04,-0.75,-1.35,0.02
-0.76,-1.31,-0.07,-0.55,-1.23,-0.33
-0.72,-1.21,0.02,-0.77,-1.00,-0.83
-0.57,-1.14,-0.19,-0.95,-1.06,-1.12
-0.53,-1.19,-0.36,-0.76,-0.98,-1.29
-0.41,-1.08,-0.35,-0.38,-0.53,-1.47
-0.30,-0.99,-0.38,-0.36,-0.17,-1.52
-0.20,-0.89,-0.35,-0.08,0.21,-1.52
-0.14,-0.85,-0.38,0.01,0.53,-1.36
-0.04,-0.72,-0.34,0.14,0.90,-1.19
0.03,-0.64,-0.22,0.40,1.12,-0.89
0.06,-0.62,-0.13,0.60,1.21,-0.47
0.09,-0.57,-0.04,0.64,1.43,-0.29
0.11,-0.58,0.10,0.46,1.74,0.16
0.12,-0.60,0.14,0.15,1.75,0.39
0.07,-0.64,0.20,0.23,1.54,0.92
-0.01,-0.69,0.34,0.33,1.57,1.10
-0.17,-0.84,0.34,0.27,1.02,1.46
-0.29,-0.88,0.38,0.30,0.87,1.32
-0.36,-0.93,0.45,0.32,0.54,1.34
-0.36,-0.89,0.49,0.23,0.23,1.21
-0.60,-1.03,0.48,-0.03,-0.04,1.19
-0.52,-0.97,0.58,-0.28,-0.42,1.17
-0.67,-1.14,0.46,-0.71,-0.71,1.08
-0.80,-1.29,0.25,-0.97,-0.94,0.69
-0.74,-1.22,0.28,-0.99,-1.09,0.31
-0.86,-1.30,0.08,-1.55,-1.21,0.07
-0.75,-1.30,-0.18,-1.06,-1.33,-0.71
-0.76,-1.24,-0.21,-0.77,-1.29,-0.95
-0.57,-1.06,-0.21,-0.59,-1.07,-1.45
-0.40,-0.95,-0.27,-0.65,-0.93,-1.44
-0.31,-0.89,-0.34,-0.61,-0.69,-1.38
-0.17,-0.85,-0.39,-0.60,-0.36,-1.31
-0.18,-0.91,-0.59,-0.45,-0.01,-1.01
-0.17,-0.89,-0.48,-0.03,0.71,-0.96
-0.16,-0.84,-0.43,0.38,0.89,-0.87
-0.12,-0.76,-0.25,0.64,1.22,-0.76
-0.02,-0.66,-0.11,0.43,1.47,-0.61
-0.02,-0.68,-0.12,0.56,1.29,-0.29
0.08,-0.64,0.10,0.91,1.58,-0.05
0.07,-0.66,0.14,0.65,1.07,0.38
0.04,-0.70,0.20,0.40,1.33,0.53
0.00,-0.75,0.26,0.29,1.05,0.92
-0.10,-0.87,0.23,0.11,1.01,0.99
-0.14,-0.85,0.28,0.19,0.85,1.06
-0.25,-0.82,0.42,0.28,0.79,1.18
-0.33,-0.89,0.51,0.00,0.36,1.30
-0.48,-1.03,0.34,-0.25,-0.02,1.17
-0.53,-1.06,0.39,-0.33,-0.19,1.05
-0.62,-1.11,0.32,-0.04,-0.70,0.98
-0.64,-1.09,0.37,-0.42,-0.85,0.77
-0.73,-1.24,0.09,-0.75,-1.10,0.52
-0.74,-1.27,0.11,-0.94,-0.91,0.15
-0.71,-1.23,-0.04,-0.67,-1.28,-0.15
-0.74,-1.21,-0.03,-0.80,-1.25,-0.46
-0.65,-1.15,-0.11,-0.86,-1.14,-0.83
-0.52,-1.12,-0.18,-0.88,-0.90,-0.95
-0.58,-1.13,-0.30,-0.74,-0.91,-1.16
-0.44,-1.05,-0.39,-0.44,-0.67,-1.41
-0.39,-1.01,-0.45,-0.43,-0.30,-1.50
-0.23,-0.85,-0.34,-0.06,0.27,-1.56
-0.19,-0.83,-0.41,-0.15,0.43,-1.30
-0.13,-0.75,-0.44,-0.11,0.91,-1.21
0.00,-0.64,-0.31,0.06,1.33,-1.00
0.05,-0.68,-0.35,-0.05,1.62,-0.69
0.05,-0.54,-0.12,0.49,1.88,-0.21
0.17,-0.50,0.08,0.88,1.44,0.54
-0.10,-0.70,0.05,0.73,1.41,0.94
0.07,-0.62,0.21,1.01,0.99,0.76
-0.11,-0.77,0.32,0.38,1.37,0.87
0.01,-0.64,0.39,0.42,0.76,0.82
-0.21,-0.78,0.42,-0.20,0.95,1.51
-0.30,-0.86,0.39,-0.06,0.37,1.50
-0.51,-1.09,0.38,-0.27,0.00,1.74
-0.58,-1.13,0.42,0.07,-0.17,1.32
-0.70,-1.25,0.39,-0.38,-0.70,1.28
-0.76,-1.34,0.25,-0.72,-0.67,0.65
-0.70,-1.29,0.14,-0.49,-0.89,0.22
-0.70,-1.24,0.16,-0.25,-1.17,0.06
-0.71,-1.24,0.02,-0.46,-1.27,-0.21
-0.65,-1.16,0.00,-0.36,-1.26,-0.56
-0.64,-1.16,-0.08,-0.34,-1.24,-0.75
-0.58,-1.13,-0.10,-0.46,-1.10,-1.01
-0.49,-1.10,-0.25,-0.46,-0.98,-1.20
-0.40,-1.06,-0.24,-0.34,-0.55,-1.28
-0.33,-1.00,-0.22,-0.15,-0.25,-1.50
-0.19,-0.91,-0.28,-0.26,-0.08,-1.44
-0.14,-0.85,-0.37,-0.16,0.43,-1.33
-0.06,-0.75,-0.33,0.06,0.86,-1.18
0.05,-0.67,-0.25,0.22,1.12,-0.90
0.05,-0.63,-0.19,0.58,1.31,-0.47
0.04,-0.56,0.01,0.83,1.58,-0.15
0.12,-0.45,0.16,0.74,1.40,0.10
0.03,-0.55,0.19,0.80,1.48,0.77
-0.02,-0.59,0.41,0.94,1.34,0.94
-0.10,-0.62,0.54,0.23,1.32,1.09
-0.23,-0.73,0.57,0.02,0.87,1.31
-0.37,-0.84,0.57,-0.24,0.64,1.64
-0.47,-0.93,0.49,-0.27,0.22,1.34
-0.57,-1.04,0.51,-0.41,0.01,1.45
-0.64,-1.10,0.54,-0.14,-0.43,1.23
-0.70,-1.15,0.52,-0.47,-0.75,1.10
-0.81,-1.24,0.25,-0.74,-1.01,0.69
-0.83,-1.27,0.31,-0.84,-1.18,0.43
-0.81,-1.25,0.06,-1.07,-1.22,-0.22
-0.82,-1.27,-0.07,-1.02,-1.23,-0.55
-0.79,-1.22,-0.16,-0.97,-1.08,-1.03
-0.59,-1.05,-0.16,-0.51,-0.97,-1.34
-0.51,-1.03,-0.19,-0.54,-0.67,-1.37
-0.33,-0.92,-0.20,-0.61,-0.41,-1.51
-0.27,-0.90,-0.31,-0.67,-0.23,-1.38
-0.13,-0.80,-0.30,-0.58,0.14,-1.40
-0.10,-0.86,-0.48,-0.60,0.67,-1.07
-0.02,-0.77,-0.43,0.22,0.98,-0.92
-0.05,-0.71,-0.34,0.53,1.32,-0.72
-0.03,-0.60,-0.13,0.98,1.52,-0.48
0.07,-0.52,0.05,0.95,1.64,-0.15
0.08,-0.53,0.10,0.55,1.58,0.35
0.05,-0.60,0.22,0.67,1.60,0.75
-0.07,-0.71,0.32,0.47,1.48,1.11
-0.18,-0.78,0.45,0.20,1.25,1.25
-0.30,-0.82,0.50,0.12,0.84,1.42
-0.41,-0.78,0.49,-0.08,0.33,1.42
-0.36,-0.82,0.44,-0.05,0.08,1.40
-0.60,-1.08,0.33,-0.20,-0.28,1.49
-0.64,-1.14,0.27,-0.10,-0.32,1.07
-0.70,-1.16,0.43,0.10,-0.71,0.98
-0.74,-1.19,0.42,-0.25,-0.77,0.55
-0.80,-1.24,0.30,-0.69,-0.99,0.32
-0.78,-1.22,0.20,-0.80,-1.28,0.13
-0.82,-1.26,0.03,-0.57,-1.37,-0.26
-0.80,-1.17,-0.01,-0.73,-1.09,-0.75
-0.72,-1.13,-0.07,-0.62,-1.08,-1.16
-0.56,-1.03,-0.14,-0.58,-0.81,-1.44
-0.45,-0.96,-0.15,-0.53,-0.54,-1.42
-0.37,-0.93,-0.18,-0.48,-0.46,-1.37
-0.19,-0.83,-0.30,-0.39,-0.37,-1.41
-0.11,-0.83,-0.26,-0.30,0.39,-1.16
-0.10,-0.84,-0.28,-0.20,0.74,-1.04
0.00,-0.76,-0.23,0.24,0.94,-0.88
0.03,-0.69,-0.15,0.43,1.10,-0.61
0.09,-0.56,-0.05,0.56,1.40,-0.19
0.02,-0.64,0.07,0.79,1.31,0.25
-0.02,-0.66,0.09,0.96,1.18,0.46
-0.05,-0.69,0.21,0.87,1.19,0.64
-0.14,-0.74,0.16,0.50,1.24,0.72
-0.14,-0.62,0.40,0.94,1.45,0.69
-0.22,-0.56,0.69,1.31,0.68,1.41
-0.49,-0.77,0.75,0.18,0.63,1.39
-0.47,-0.76,0.65,-0.49,0.28,1.22
-0.53,-0.84,0.48,-0.51,0.02,1.19
-0.63,-0.89,0.67,-0.38,-0.47,1.55
-0.74,-1.11,0.42,-0.61,-0.55,1.14
-0.88,-1.24,0.46,-0.86,-0.69,0.87
-0.83,-1.22,0.35,-1.02,-0.84,0.24
-0.90,-1.27,0.19,-1.28,-1.17,-0.04
-0.85,-1.26,-0.05,-0.94,-1.22,-0.56
-0.76,-1.19,-0.10,-0.67,-1.13,-0.98
-0.62,-1.09,-0.12,-0.37,-1.03,-1.27
-0.51,-1.03,-0.04,-0.33,-0.70,-1.25
-0.40,-0.93,-0.09,-0.38,-0.66,-1.22
-0.40,-1.01,-0.18,-0.36,-0.61,-0.98
-0.29,-0.90,-0.24,-0.32,-0.29,-1.26
-0.19,-0.85,-0.24,-0.29,0.29,-1.23
-0.12,-0.83,-0.22,0.08,0.56,-1.13
-0.08,-0.78,-0.17,0.18,0.83,-0.92
-0.06,-0.74,-0.15,0.13,1.06,-0.71
-0.03,-0.69,-0.01,0.70,1.19,-0.26
0.04,-0.62,0.10,0.74,1.30,-0.20
0.07,-0.58,0.13,0.22,1.69,-0.02
0.06,-0.51,0.25,0.84,1.56,0.47
-0.03,-0.58,0.43,0.67,1.41,0.71
-0.10,-0.58,0.43,0.29,1.13,1.06
-0.30,-0.65,0.76,0.06,1.34,1.32
-0.44,-0.81,0.63,-0.43,0.41,1.51
-0.40,-0.76,0.55,-0.50,0.01,1.64
-0.69,-1.04,0.29,-0.64,-0.33,1.63
-0.73,-1.13,0.27,-0.89,-0.37,1.24
-0.84,-1.27,0.32,-0.49,-0.61,1.02
-0.79,-1.22,0.33,-0.50,-0.68,0.37
-0.87,-1.26,0.28,-1.12,-1.06,0.29
-0.96,-1.35,-0.08,-1.24,-1.00,-0.36
-0.86,-1.22,-0.11,-1.06,-1.13,-0.81
-0.74,-1.13,-0.30,-1.02,-0.73,-1.37
-0.62,-1.06,-0.30,-1.01,-0.77,-1.41
-0.53,-1.06,-0.60,-0.93,-0.79,-1.64
-0.41,-0.93,-0.45,-0.10,0.11,-1.73
-0.29,-0.85,-0.43,-0.07,0.36,-1.58
-0.13,-0.70,-0.41,0.13,0.66,-1.45
